pokedex_number,name,type1,type2,classfication,height_m,weight_kg,generation,is_legendary,hp,sp_attack,sp_defense,speed,abilities,against_bug,against_dark,against_dragon,against_electric,against_fairy,against_fight,against_fire,against_flying,against_ghost,against_grass,against_ground,against_ice,against_normal,against_poison,against_psychic,against_rock,against_steel,against_water,attack,base_egg_steps,base_happiness,base_total,capture_rate,defense,experience_growth,japanese_name,percentage_male
1,Bulbasaur,grass,poison,Seed Pokémon,0.7,6.9,1,0,45,65,65,45,"['Overgrow', 'Chlorophyll']",1.0,1.0,1.0,0.5,0.5,0.5,2.0,2.0,1.0,0.25,1.0,2.0,1.0,1.0,2.0,1.0,1.0,0.5,49,5120,70,318,45,49,1059860,Fushigidaneフシギダネ,88.1
2,Ivysaur,grass,poison,Seed Pokémon,1.0,13.0,1,0,60,80,80,60,"['Overgrow', 'Chlorophyll']",1.0,1.0,1.0,0.5,0.5,0.5,2.0,2.0,1.0,0.25,1.0,2.0,1.0,1.0,2.0,1.0,1.0,0.5,62,5120,70,405,45,63,1059860,Fushigisouフシギソウ,88.1
3,Venusaur,grass,poison,Seed Pokémon,2.0,100.0,1,0,80,122,120,80,"['Overgrow', 'Chlorophyll']",1.0,1.0,1.0,0.5,0.5,0.5,2.0,2.0,1.0,0.25,1.0,2.0,1.0,1.0,2.0,1.0,1.0,0.5,100,5120,70,625,45,123,1059860,Fushigibanaフシギバナ,88.1
4,Charmander,fire,,Lizard Pokémon,0.6,8.5,1,0,39,60,50,65,"['Blaze', 'Solar Power']",0.5,1.0,1.0,1.0,0.5,1.0,0.5,1.0,1.0,0.5,2.0,0.5,1.0,1.0,1.0,2.0,0.5,2.0,52,5120,70,309,45,43,1059860,Hitokageヒトカゲ,88.1
5,Charmeleon,fire,,Flame Pokémon,1.1,19.0,1,0,58,80,65,80,"['Blaze', 'Solar Power']",0.5,1.0,1.0,1.0,0.5,1.0,0.5,1.0,1.0,0.5,2.0,0.5,1.0,1.0,1.0,2.0,0.5,2.0,64,5120,70,405,45,58,1059860,Lizardoリザード,88.1
6,Charizard,fire,flying,Flame Pokémon,1.7,90.5,1,0,78,159,115,100,"['Blaze', 'Solar Power']",0.25,1.0,1.0,2.0,0.5,0.5,0.5,1.0,1.0,0.25,0.0,1.0,1.0,1.0,1.0,4.0,0.5,2.0,104,5120,70,634,45,78,1059860,Lizardonリザードン,88.1
7,Squirtle,water,,Tiny Turtle Pokémon,0.5,9.0,1,0,44,50,64,43,"['Torrent', 'Rain Dish']",1.0,1.0,1.0,2.0,1.0,1.0,0.5,1.0,1.0,2.0,1.0,0.5,1.0,1.0,1.0,1.0,0.5,0.5,48,5120,70,314,45,65,1059860,Zenigameゼニガメ,88.1
8,Wartortle,water,,Turtle Pokémon,1.0,22.5,1,0,59,65,80,58,"['Torrent', 'Rain Dish']",1.0,1.0,1.0,2.0,1.0,1.0,0.5,1.0,1.0,2.0,1.0,0.5,1.0,1.0,1.0,1.0,0.5,0.5,63,5120,70,405,45,80,1059860,Kameilカメール,88.1
9,Blastoise,water,,Shellfish Pokémon,1.6,85.5,1,0,79,135,115,78,"['Torrent', 'Rain Dish']",1.0,1.0,1.0,2.0,1.0,1.0,0.5,1.0,1.0,2.0,1.0,0.5,1.0,1.0,1.0,1.0,0.5,0.5,103,5120,70,630,45,120,1059860,Kamexカメックス,88.1
10,Caterpie,bug,,Worm Pokémon,0.3,2.9,1,0,45,20,20,45,"['Shield Dust', 'Run Away']",1.0,1.0,1.0,1.0,1.0,0.5,2.0,2.0,1.0,0.5,0.5,1.0,1.0,1.0,1.0,2.0,1.0,1.0,30,3840,70,195,255,35,1000000,Caterpieキャタピー,50.0
11,Metapod,bug,,Cocoon Pokémon,0.7,9.9,1,0,50,25,25,30,['Shed Skin'],1.0,1.0,1.0,1.0,1.0,0.5,2.0,2.0,1.0,0.5,0.5,1.0,1.0,1.0,1.0,2.0,1.0,1.0,20,3840,70,205,120,55,1000000,Transelトランセル,50.0
12,Butterfree,bug,flying,Butterfly Pokémon,1.1,32.0,1,0,60,90,80,70,"['Compoundeyes', 'Tinted Lens']",0.5,1.0,1.0,2.0,1.0,0.25,2.0,2.0,1.0,0.25,0.0,2.0,1.0,1.0,1.0,4.0,1.0,1.0,45,3840,70,395,45,50,1000000,Butterfreeバタフリー,50.0
13,Weedle,bug,poison,Hairy Pokémon,0.3,3.2,1,0,40,20,20,50,"['Shield Dust', 'Run Away']",0.5,1.0,1.0,1.0,0.5,0.25,2.0,2.0,1.0,0.25,1.0,1.0,1.0,0.5,2.0,2.0,1.0,1.0,35,3840,70,195,255,30,1000000,Beedleビードル,50.0
14,Kakuna,bug,poison,Cocoon Pokémon,0.6,10.0,1,0,45,25,25,35,['Shed Skin'],0.5,1.0,1.0,1.0,0.5,0.25,2.0,2.0,1.0,0.25,1.0,1.0,1.0,0.5,2.0,2.0,1.0,1.0,25,3840,70,205,120,50,1000000,Cocoonコクーン,50.0
15,Beedrill,bug,poison,Poison Bee Pokémon,1.0,29.5,1,0,65,15,80,145,"['Swarm', 'Sniper']",0.5,1.0,1.0,1.0,0.5,0.25,2.0,2.0,1.0,0.25,1.0,1.0,1.0,0.5,2.0,2.0,1.0,1.0,150,3840,70,495,45,40,1000000,Spearスピアー,50.0
16,Pidgey,normal,flying,Tiny Bird Pokémon,0.3,1.8,1,0,40,35,35,56,"['Keen Eye', 'Tangled Feet', 'Big Pecks']",0.5,1.0,1.0,2.0,1.0,1.0,1.0,1.0,0.0,0.5,0.0,2.0,1.0,1.0,1.0,2.0,1.0,1.0,45,3840,70,251,255,40,1059860,Poppoポッポ,50.0
17,Pidgeotto,normal,flying,Bird Pokémon,1.1,30.0,1,0,63,50,50,71,"['Keen Eye', 'Tangled Feet', 'Big Pecks']",0.5,1.0,1.0,2.0,1.0,1.0,1.0,1.0,0.0,0.5,0.0,2.0,1.0,1.0,1.0,2.0,1.0,1.0,60,3840,70,349,120,55,1059860,Pigeonピジョン,50.0
18,Pidgeot,normal,flying,Bird Pokémon,1.5,39.5,1,0,83,135,80,121,"['Keen Eye', 'Tangled Feet', 'Big Pecks']",0.5,1.0,1.0,2.0,1.0,1.0,1.0,1.0,0.0,0.5,0.0,2.0,1.0,1.0,1.0,2.0,1.0,1.0,80,3840,70,579,45,80,1059860,Pigeotピジョット,50.0
19,Rattata,normal,dark,Mouse Pokémon,,,1,0,30,25,35,72,"['Run Away', 'Guts', 'Hustle', 'Gluttony', 'Hustle', 'Thick Fat']",1.0,1.0,1.0,1.0,1.0,2.0,1.0,1.0,0.0,1.0,1.0,1.0,1.0,1.0,1.0,1.0,1.0,1.0,56,3840,70,253,255,35,1000000,Korattaコラッタ,50.0
20,Raticate,normal,dark,Mouse Pokémon,,,1,0,75,40,80,77,"['Run Away', 'Guts', 'Hustle', 'Gluttony', 'Hustle', 'Thick Fat']",1.0,1.0,1.0,1.0,1.0,2.0,1.0,1.0,0.0,1.0,1.0,1.0,1.0,1.0,1.0,1.0,1.0,1.0,71,3840,70,413,127,70,1000000,Rattaラッタ,50.0
21,Spearow,normal,flying,Tiny Bird Pokémon,0.3,2.0,1,0,40,31,31,70,"['Keen Eye', 'Sniper']",0.5,1.0,1.0,2.0,1.0,1.0,1.0,1.0,0.0,0.5,0.0,2.0,1.0,1.0,1.0,2.0,1.0,1.0,60,3840,70,262,255,30,1000000,Onisuzumeオニスズメ,50.0
22,Fearow,normal,flying,Beak Pokémon,1.2,38.0,1,0,65,61,61,100,"['Keen Eye', 'Sniper']",0.5,1.0,1.0,2.0,1.0,1.0,1.0,1.0,0.0,0.5,0.0,2.0,1.0,1.0,1.0,2.0,1.0,1.0,90,3840,70,442,90,65,1000000,Onidrillオニドリル,50.0
23,Ekans,poison,,Snake Pokémon,2.0,6.9,1,0,35,40,54,55,"['Intimidate', 'Shed Skin', 'Unnerve']",0.5,1.0,1.0,1.0,0.5,0.5,1.0,1.0,1.0,0.5,2.0,1.0,1.0,0.5,2.0,1.0,1.0,1.0,60,5120,70,288,255,44,1000000,Arboアーボ,50.0
24,Arbok,poison,,Cobra Pokémon,3.5,65.0,1,0,60,65,79,80,"['Intimidate', 'Shed Skin', 'Unnerve']",0.5,1.0,1.0,1.0,0.5,0.5,1.0,1.0,1.0,0.5,2.0,1.0,1.0,0.5,2.0,1.0,1.0,1.0,95,5120,70,448,90,69,1000000,Arbokアーボック,50.0
25,Pikachu,electric,,Mouse Pokémon,0.4,6.0,1,0,35,50,50,90,"['Static', 'Lightningrod']",1.0,1.0,1.0,0.5,1.0,1.0,1.0,0.5,1.0,1.0,2.0,1.0,1.0,1.0,1.0,1.0,0.5,1.0,55,2560,70,320,190,40,1000000,Pikachuピカチュウ,50.0
26,Raichu,electric,electric,Mouse Pokémon,,,1,0,60,95,85,110,"['Static', 'Lightningrod', 'Surge Surfer']",1.0,1.0,1.0,0.5,1.0,1.0,1.0,0.5,1.0,1.0,2.0,1.0,1.0,1.0,1.0,1.0,0.5,1.0,85,2560,70,485,75,50,1000000,Raichuライチュウ,50.0
27,Sandshrew,ground,ice,Mouse Pokémon,,,1,0,50,10,35,40,"['Sand Veil', 'Sand Rush', 'Snow Cloak', 'Slush Rush']",1.0,1.0,1.0,0.0,1.0,1.0,1.0,1.0,1.0,2.0,1.0,2.0,1.0,0.5,1.0,0.5,1.0,2.0,75,5120,70,300,255,90,1000000,Sandサンド,50.0
28,Sandslash,ground,ice,Mouse Pokémon,,,1,0,75,25,65,65,"['Sand Veil', 'Sand Rush', 'Snow Cloak', 'Slush Rush']",1.0,1.0,1.0,0.0,1.0,1.0,1.0,1.0,1.0,2.0,1.0,2.0,1.0,0.5,1.0,0.5,1.0,2.0,100,5120,70,450,90,120,1000000,Sandpanサンドパン,50.0
29,Nidoran♀,poison,,Poison Pin Pokémon,0.4,7.0,1,0,55,40,40,41,"['Poison Point', 'Rivalry', 'Hustle']",0.5,1.0,1.0,1.0,0.5,0.5,1.0,1.0,1.0,0.5,2.0,1.0,1.0,0.5,2.0,1.0,1.0,1.0,47,5120,70,275,235,52,1059860,Nidoran?ニドラン♀,0.0
30,Nidorina,poison,,Poison Pin Pokémon,0.8,20.0,1,0,70,55,55,56,"['Poison Point', 'Rivalry', 'Hustle']",0.5,1.0,1.0,1.0,0.5,0.5,1.0,1.0,1.0,0.5,2.0,1.0,1.0,0.5,2.0,1.0,1.0,1.0,62,5120,70,365,120,67,1059860,Nidorinaニドリーナ,0.0
31,Nidoqueen,poison,ground,Drill Pokémon,1.3,60.0,1,0,90,75,85,76,"['Poison Point', 'Rivalry', 'Sheer Force']",0.5,1.0,1.0,0.0,0.5,0.5,1.0,1.0,1.0,1.0,2.0,2.0,1.0,0.25,2.0,0.5,1.0,2.0,92,5120,70,505,45,87,1059860,Nidoqueenニドクイン,0.0
32,Nidoran♂,poison,,Poison Pin Pokémon,0.5,9.0,1,0,46,40,40,50,"['Poison Point', 'Rivalry', 'Hustle']",0.5,1.0,1.0,1.0,0.5,0.5,1.0,1.0,1.0,0.5,2.0,1.0,1.0,0.5,2.0,1.0,1.0,1.0,57,5120,70,273,235,40,1059860,Nidoran?ニドラン♂,100.0
33,Nidorino,poison,,Poison Pin Pokémon,0.9,19.5,1,0,61,55,55,65,"['Poison Point', 'Rivalry', 'Hustle']",0.5,1.0,1.0,1.0,0.5,0.5,1.0,1.0,1.0,0.5,2.0,1.0,1.0,0.5,2.0,1.0,1.0,1.0,72,5120,70,365,120,57,1059860,Nidorinoニドリーノ,100.0
34,Nidoking,poison,ground,Drill Pokémon,1.4,62.0,1,0,81,85,75,85,"['Poison Point', 'Rivalry', 'Sheer Force']",0.5,1.0,1.0,0.0,0.5,0.5,1.0,1.0,1.0,1.0,2.0,2.0,1.0,0.25,2.0,0.5,1.0,2.0,102,5120,70,505,45,77,1059860,Nidokingニドキング,100.0
35,Clefairy,fairy,,Fairy Pokémon,0.6,7.5,1,0,70,60,65,35,"['Cute Charm', 'Magic Guard', 'Friend Guard']",0.5,0.5,0.0,1.0,1.0,0.5,1.0,1.0,1.0,1.0,1.0,1.0,1.0,2.0,1.0,1.0,2.0,1.0,45,2560,140,323,150,48,800000,Pippiピッピ,24.6
36,Clefable,fairy,,Fairy Pokémon,1.3,40.0,1,0,95,95,90,60,"['Cute Charm', 'Magic Guard', 'Unaware']",0.5,0.5,0.0,1.0,1.0,0.5,1.0,1.0,1.0,1.0,1.0,1.0,1.0,2.0,1.0,1.0,2.0,1.0,70,2560,140,483,25,73,800000,Pixyピクシー,24.6
37,Vulpix,fire,ice,Fox Pokémon,,,1,0,38,50,65,65,"['Flash Fire', 'Drought', 'Snow Cloak', 'Snow Warning']",0.5,1.0,1.0,1.0,0.5,1.0,0.5,1.0,1.0,0.5,2.0,0.5,1.0,1.0,1.0,2.0,0.5,2.0,41,5120,70,299,190,40,1000000,Rokonロコン,24.6
38,Ninetales,fire,ice,Fox Pokémon,,,1,0,73,81,100,109,"['Flash Fire', 'Drought', 'Snow Cloak', 'Snow Warning']",0.5,1.0,1.0,1.0,0.5,1.0,0.5,1.0,1.0,0.5,2.0,0.5,1.0,1.0,1.0,2.0,0.5,2.0,67,5120,70,505,75,75,1000000,Kyukonキュウコン,24.6
39,Jigglypuff,normal,fairy,Balloon Pokémon,0.5,5.5,1,0,115,45,25,20,"['Cute Charm', 'Competitive', 'Friend Guard']",0.5,0.5,0.0,1.0,1.0,1.0,1.0,1.0,0.0,1.0,1.0,1.0,1.0,2.0,1.0,1.0,2.0,1.0,45,2560,70,270,170,20,800000,Purinプリン,24.6
40,Wigglytuff,normal,fairy,Balloon Pokémon,1.0,12.0,1,0,140,85,50,45,"['Cute Charm', 'Competitive', 'Frisk']",0.5,0.5,0.0,1.0,1.0,1.0,1.0,1.0,0.0,1.0,1.0,1.0,1.0,2.0,1.0,1.0,2.0,1.0,70,2560,70,435,50,45,800000,Pukurinプクリン,24.6
41,Zubat,poison,flying,Bat Pokémon,0.8,7.5,1,0,40,30,40,55,"['Inner Focus', 'Infiltrator']",0.25,1.0,1.0,2.0,0.5,0.25,1.0,1.0,1.0,0.25,0.0,2.0,1.0,0.5,2.0,2.0,1.0,1.0,45,3840,70,245,255,35,1000000,Zubatズバット,50.0
42,Golbat,poison,flying,Bat Pokémon,1.6,55.0,1,0,75,65,75,90,"['Inner Focus', 'Infiltrator']",0.25,1.0,1.0,2.0,0.5,0.25,1.0,1.0,1.0,0.25,0.0,2.0,1.0,0.5,2.0,2.0,1.0,1.0,80,3840,70,455,90,70,1000000,Golbatゴルバット,50.0
43,Oddish,grass,poison,Weed Pokémon,0.5,5.4,1,0,45,75,65,30,"['Chlorophyll', 'Run Away']",1.0,1.0,1.0,0.5,0.5,0.5,2.0,2.0,1.0,0.25,1.0,2.0,1.0,1.0,2.0,1.0,1.0,0.5,50,5120,70,320,255,55,1059860,Nazonokusaナゾノクサ,50.0
44,Gloom,grass,poison,Weed Pokémon,0.8,8.6,1,0,60,85,75,40,"['Chlorophyll', 'Stench']",1.0,1.0,1.0,0.5,0.5,0.5,2.0,2.0,1.0,0.25,1.0,2.0,1.0,1.0,2.0,1.0,1.0,0.5,65,5120,70,395,120,70,1059860,Kusaihanaクサイハナ,50.0
45,Vileplume,grass,poison,Flower Pokémon,1.2,18.6,1,0,75,110,90,50,"['Chlorophyll', 'Effect Spore']",1.0,1.0,1.0,0.5,0.5,0.5,2.0,2.0,1.0,0.25,1.0,2.0,1.0,1.0,2.0,1.0,1.0,0.5,80,5120,70,490,45,85,1059860,Ruffresiaラフレシア,50.0
46,Paras,bug,grass,Mushroom Pokémon,0.3,5.4,1,0,35,45,55,25,"['Effect Spore', 'Dry Skin', 'Damp']",2.0,1.0,1.0,0.5,1.0,0.5,4.0,4.0,1.0,0.25,0.25,2.0,1.0,2.0,1.0,2.0,1.0,0.5,70,5120,70,285,190,55,1000000,Parasパラス,50.0
47,Parasect,bug,grass,Mushroom Pokémon,1.0,29.5,1,0,60,60,80,30,"['Effect Spore', 'Dry Skin', 'Damp']",2.0,1.0,1.0,0.5,1.0,0.5,4.0,4.0,1.0,0.25,0.25,2.0,1.0,2.0,1.0,2.0,1.0,0.5,95,5120,70,405,75,80,1000000,Parasectパラセクト,50.0
48,Venonat,bug,poison,Insect Pokémon,1.0,30.0,1,0,60,40,55,45,"['Compoundeyes', 'Tinted Lens', 'Run Away']",0.5,1.0,1.0,1.0,0.5,0.25,2.0,2.0,1.0,0.25,1.0,1.0,1.0,0.5,2.0,2.0,1.0,1.0,55,5120,70,305,190,50,1000000,Kongpangコンパン,50.0
49,Venomoth,bug,poison,Poison Moth Pokémon,1.5,12.5,1,0,70,90,75,90,"['Shield Dust', 'Tinted Lens', 'Wonder Skin ']",0.5,1.0,1.0,1.0,0.5,0.25,2.0,2.0,1.0,0.25,1.0,1.0,1.0,0.5,2.0,2.0,1.0,1.0,65,5120,70,450,75,60,1000000,Morphonモルフォン,50.0
50,Diglett,ground,ground,Mole Pokémon,,,1,0,10,35,45,90,"['Sand Veil', 'Arena Trap', 'Sand Force', 'Sand Veil', 'Tangling Hair', 'Sand Force']",1.0,1.0,1.0,0.0,1.0,1.0,1.0,1.0,1.0,2.0,1.0,2.0,1.0,0.5,1.0,0.5,1.0,2.0,55,5120,70,265,255,30,1000000,Digdaディグダ,50.0
51,Dugtrio,ground,ground,Mole Pokémon,,,1,0,35,50,70,110,"['Sand Veil', 'Arena Trap', 'Sand Force', 'Sand Veil', 'Tangling Hair', 'Sand Force']",1.0,1.0,1.0,0.0,1.0,1.0,1.0,1.0,1.0,2.0,1.0,2.0,1.0,0.5,1.0,0.5,1.0,2.0,100,5120,70,425,50,60,1000000,Dugtrioダグトリオ,50.0
52,Meowth,normal,dark,Scratch Cat Pokémon,,,1,0,40,50,40,90,"['Pickup', 'Technician', 'Unnerve', 'Pickup', 'Technician', 'Rattled']",1.0,1.0,1.0,1.0,1.0,2.0,1.0,1.0,0.0,1.0,1.0,1.0,1.0,1.0,1.0,1.0,1.0,1.0,35,5120,70,290,255,35,1000000,Nyarthニャース,50.0
53,Persian,normal,dark,Classy Cat Pokémon,,,1,0,65,75,65,115,"['Limber', 'Technician', 'Unnerve', 'Fur Coat', 'Technician', 'Rattled']",1.0,1.0,1.0,1.0,1.0,2.0,1.0,1.0,0.0,1.0,1.0,1.0,1.0,1.0,1.0,1.0,1.0,1.0,60,5120,70,440,90,60,1000000,Persianペルシアン,50.0
54,Psyduck,water,,Duck Pokémon,0.8,19.6,1,0,50,65,50,55,"['Damp', 'Cloud Nine', 'Swift Swim']",1.0,1.0,1.0,2.0,1.0,1.0,0.5,1.0,1.0,2.0,1.0,0.5,1.0,1.0,1.0,1.0,0.5,0.5,52,5120,70,320,190,48,1000000,Koduckコダック,50.0
55,Golduck,water,,Duck Pokémon,1.7,76.6,1,0,80,95,80,85,"['Damp', 'Cloud Nine', 'Swift Swim']",1.0,1.0,1.0,2.0,1.0,1.0,0.5,1.0,1.0,2.0,1.0,0.5,1.0,1.0,1.0,1.0,0.5,0.5,82,5120,70,500,75,78,1000000,Golduckゴルダック,50.0
56,Mankey,fighting,,Pig Monkey Pokémon,0.5,28.0,1,0,40,35,45,70,"['Vital Spirit', 'Anger Point', 'Defiant']",0.5,0.5,1.0,1.0,2.0,1.0,1.0,2.0,1.0,1.0,1.0,1.0,1.0,1.0,2.0,0.5,1.0,1.0,80,5120,70,305,190,35,1000000,Mankeyマンキー,50.0
57,Primeape,fighting,,Pig Monkey Pokémon,1.0,32.0,1,0,65,60,70,95,"['Vital Spirit', 'Anger Point', 'Defiant']",0.5,0.5,1.0,1.0,2.0,1.0,1.0,2.0,1.0,1.0,1.0,1.0,1.0,1.0,2.0,0.5,1.0,1.0,105,5120,70,455,75,60,1000000,Okorizaruオコリザル,50.0
58,Growlithe,fire,,Puppy Pokémon,0.7,19.0,1,0,55,70,50,60,"['Intimidate', 'Flash Fire', 'Justified']",0.5,1.0,1.0,1.0,0.5,1.0,0.5,1.0,1.0,0.5,2.0,0.5,1.0,1.0,1.0,2.0,0.5,2.0,70,5120,70,350,190,45,1250000,Gardieガーディ,75.4
59,Arcanine,fire,,Legendary Pokémon,1.9,155.0,1,0,90,100,80,95,"['Intimidate', 'Flash Fire', 'Justified']",0.5,1.0,1.0,1.0,0.5,1.0,0.5,1.0,1.0,0.5,2.0,0.5,1.0,1.0,1.0,2.0,0.5,2.0,110,5120,70,555,75,80,1250000,Windieウインディ,75.4
60,Poliwag,water,,Tadpole Pokémon,0.6,12.4,1,0,40,40,40,90,"['Water Absorb', 'Damp', 'Swift Swim']",1.0,1.0,1.0,2.0,1.0,1.0,0.5,1.0,1.0,2.0,1.0,0.5,1.0,1.0,1.0,1.0,0.5,0.5,50,5120,70,300,255,40,1059860,Nyoromoニョロモ,50.0
61,Poliwhirl,water,,Tadpole Pokémon,1.0,20.0,1,0,65,50,50,90,"['Water Absorb', 'Damp', 'Swift Swim']",1.0,1.0,1.0,2.0,1.0,1.0,0.5,1.0,1.0,2.0,1.0,0.5,1.0,1.0,1.0,1.0,0.5,0.5,65,5120,70,385,120,65,1059860,Nyorozoニョロゾ,50.0
62,Poliwrath,water,fighting,Tadpole Pokémon,1.3,54.0,1,0,90,70,90,70,"['Water Absorb', 'Damp', 'Swift Swim']",0.5,0.5,1.0,2.0,2.0,1.0,0.5,2.0,1.0,2.0,1.0,0.5,1.0,1.0,2.0,0.5,0.5,0.5,95,5120,70,510,45,95,1059860,Nyorobonニョロボン,50.0
63,Abra,psychic,,Psi Pokémon,0.9,19.5,1,0,25,105,55,90,"['Synchronize', 'Inner Focus', 'Magic Guard']",2.0,2.0,1.0,1.0,1.0,0.5,1.0,1.0,2.0,1.0,1.0,1.0,1.0,1.0,0.5,1.0,1.0,1.0,20,5120,70,310,200,15,1059860,Caseyケーシィ,75.4
64,Kadabra,psychic,,Psi Pokémon,1.3,56.5,1,0,40,120,70,105,"['Synchronize', 'Inner Focus', 'Magic Guard']",2.0,2.0,1.0,1.0,1.0,0.5,1.0,1.0,2.0,1.0,1.0,1.0,1.0,1.0,0.5,1.0,1.0,1.0,35,5120,70,400,100,30,1059860,Yungererユンゲラー,75.4
65,Alakazam,psychic,,Psi Pokémon,1.5,48.0,1,0,55,175,105,150,"['Synchronize', 'Inner Focus', 'Magic Guard']",2.0,2.0,1.0,1.0,1.0,0.5,1.0,1.0,2.0,1.0,1.0,1.0,1.0,1.0,0.5,1.0,1.0,1.0,50,5120,70,600,50,65,1059860,Foodinフーディン,75.4
66,Machop,fighting,,Superpower Pokémon,0.8,19.5,1,0,70,35,35,35,"['Guts', 'No Guard', 'Steadfast']",0.5,0.5,1.0,1.0,2.0,1.0,1.0,2.0,1.0,1.0,1.0,1.0,1.0,1.0,2.0,0.5,1.0,1.0,80,5120,70,305,180,50,1059860,Wanrikyワンリキー,75.4
67,Machoke,fighting,,Superpower Pokémon,1.5,70.5,1,0,80,50,60,45,"['Guts', 'No Guard', 'Steadfast']",0.5,0.5,1.0,1.0,2.0,1.0,1.0,2.0,1.0,1.0,1.0,1.0,1.0,1.0,2.0,0.5,1.0,1.0,100,5120,70,405,90,70,1059860,Gorikyゴーリキー,75.4
68,Machamp,fighting,,Superpower Pokémon,1.6,130.0,1,0,90,65,85,55,"['Guts', 'No Guard', 'Steadfast']",0.5,0.5,1.0,1.0,2.0,1.0,1.0,2.0,1.0,1.0,1.0,1.0,1.0,1.0,2.0,0.5,1.0,1.0,130,5120,70,505,45,80,1059860,Kairikyカイリキー,75.4
69,Bellsprout,grass,poison,Flower Pokémon,0.7,4.0,1,0,50,70,30,40,"['Chlorophyll', 'Gluttony']",1.0,1.0,1.0,0.5,0.5,0.5,2.0,2.0,1.0,0.25,1.0,2.0,1.0,1.0,2.0,1.0,1.0,0.5,75,5120,70,300,255,35,1059860,Madatsubomiマダツボミ,50.0
70,Weepinbell,grass,poison,Flycatcher Pokémon,1.0,6.4,1,0,65,85,45,55,"['Chlorophyll', 'Gluttony']",1.0,1.0,1.0,0.5,0.5,0.5,2.0,2.0,1.0,0.25,1.0,2.0,1.0,1.0,2.0,1.0,1.0,0.5,90,5120,70,390,120,50,1059860,Utsudonウツドン,50.0
71,Victreebel,grass,poison,Flycatcher Pokémon,1.7,15.5,1,0,80,100,70,70,"['Chlorophyll', 'Gluttony']",1.0,1.0,1.0,0.5,0.5,0.5,2.0,2.0,1.0,0.25,1.0,2.0,1.0,1.0,2.0,1.0,1.0,0.5,105,5120,70,490,45,65,1059860,Utsubotウツボット,50.0
72,Tentacool,water,poison,Jellyfish Pokémon,0.9,45.5,1,0,40,50,100,70,"['Clear Body', 'Liquid Ooze', 'Rain Dish']",0.5,1.0,1.0,2.0,0.5,0.5,0.5,1.0,1.0,1.0,2.0,0.5,1.0,0.5,2.0,1.0,0.5,0.5,40,5120,70,335,190,35,1250000,Menokurageメノクラゲ,50.0
73,Tentacruel,water,poison,Jellyfish Pokémon,1.6,55.0,1,0,80,80,120,100,"['Clear Body', 'Liquid Ooze', 'Rain Dish']",0.5,1.0,1.0,2.0,0.5,0.5,0.5,1.0,1.0,1.0,2.0,0.5,1.0,0.5,2.0,1.0,0.5,0.5,70,5120,70,515,60,65,1250000,Dokukurageドククラゲ,50.0
74,Geodude,rock,ground,Rock Pokémon,,,1,0,40,30,30,20,"['Rock Head', 'Sturdy', 'Sand Veil', 'Magnet Pull', 'Sturdy', 'Galvanize']",1.0,1.0,1.0,0.0,1.0,2.0,0.5,0.5,1.0,4.0,2.0,2.0,0.5,0.25,1.0,0.5,2.0,4.0,80,3840,70,300,255,100,1059860,Isitsubuteイシツブテ,50.0
75,Graveler,rock,ground,Rock Pokémon,,,1,0,55,45,45,35,"['Rock Head', 'Sturdy', 'Sand Veil', 'Magnet Pull', 'Sturdy', 'Galvanize']",1.0,1.0,1.0,0.0,1.0,2.0,0.5,0.5,1.0,4.0,2.0,2.0,0.5,0.25,1.0,0.5,2.0,4.0,95,3840,70,390,120,115,1059860,Goloneゴローン,50.0
76,Golem,rock,ground,Megaton Pokémon,,,1,0,80,55,65,45,"['Rock Head', 'Sturdy', 'Sand Veil', 'Magnet Pull', 'Sturdy', 'Galvanize']",1.0,1.0,1.0,0.0,1.0,2.0,0.5,0.5,1.0,4.0,2.0,2.0,0.5,0.25,1.0,0.5,2.0,4.0,120,3840,70,495,45,130,1059860,Golonyaゴローニャ,50.0
77,Ponyta,fire,,Fire Horse Pokémon,1.0,30.0,1,0,50,65,65,90,"['Run Away', 'Flash Fire', 'Flame Body']",0.5,1.0,1.0,1.0,0.5,1.0,0.5,1.0,1.0,0.5,2.0,0.5,1.0,1.0,1.0,2.0,0.5,2.0,85,5120,70,410,190,55,1000000,Ponytaポニータ,50.0
78,Rapidash,fire,,Fire Horse Pokémon,1.7,95.0,1,0,65,80,80,105,"['Run Away', 'Flash Fire', 'Flame Body']",0.5,1.0,1.0,1.0,0.5,1.0,0.5,1.0,1.0,0.5,2.0,0.5,1.0,1.0,1.0,2.0,0.5,2.0,100,5120,70,500,60,70,1000000,Gallopギャロップ,50.0
79,Slowpoke,water,psychic,Dopey Pokémon,1.2,36.0,1,0,90,40,40,15,"['Oblivious', 'Own Tempo', 'Regenerator']",2.0,2.0,1.0,2.0,1.0,0.5,0.5,1.0,2.0,2.0,1.0,0.5,1.0,1.0,0.5,1.0,0.5,0.5,65,5120,70,315,190,65,1000000,Yadonヤドン,50.0
80,Slowbro,water,psychic,Hermit Crab Pokémon,1.6,78.5,1,0,95,130,80,30,"['Oblivious', 'Own Tempo', 'Regenerator']",2.0,2.0,1.0,2.0,1.0,0.5,0.5,1.0,2.0,2.0,1.0,0.5,1.0,1.0,0.5,1.0,0.5,0.5,75,5120,70,590,75,180,1000000,Yadoranヤドラン,50.0
81,Magnemite,electric,steel,Magnet Pokémon,0.3,6.0,1,0,25,95,55,45,"['Magnet Pull', 'Sturdy', 'Analytic']",0.5,1.0,0.5,0.5,0.5,2.0,2.0,0.25,1.0,0.5,4.0,0.5,0.5,0.0,0.5,0.5,0.25,1.0,35,5120,70,325,190,70,1000000,Coilコイル,
82,Magneton,electric,steel,Magnet Pokémon,1.0,60.0,1,0,50,120,70,70,"['Magnet Pull', 'Sturdy', 'Analytic']",0.5,1.0,0.5,0.5,0.5,2.0,2.0,0.25,1.0,0.5,4.0,0.5,0.5,0.0,0.5,0.5,0.25,1.0,60,5120,70,465,60,95,1000000,Rarecoilレアコイル,
83,Farfetch'd,normal,flying,Wild Duck Pokémon,0.8,15.0,1,0,52,58,62,60,"['Keen Eye', 'Inner Focus', 'Defiant']",0.5,1.0,1.0,2.0,1.0,1.0,1.0,1.0,0.0,0.5,0.0,2.0,1.0,1.0,1.0,2.0,1.0,1.0,90,5120,70,377,45,55,1000000,Kamonegiカモネギ,50.0
84,Doduo,normal,flying,Twin Bird Pokémon,1.4,39.2,1,0,35,35,35,75,"['Run Away', 'Early Bird', 'Tangled Feet']",0.5,1.0,1.0,2.0,1.0,1.0,1.0,1.0,0.0,0.5,0.0,2.0,1.0,1.0,1.0,2.0,1.0,1.0,85,5120,70,310,190,45,1000000,Dodoドードー,50.0
85,Dodrio,normal,flying,Triple Bird Pokémon,1.8,85.2,1,0,60,60,60,110,"['Run Away', 'Early Bird', 'Tangled Feet']",0.5,1.0,1.0,2.0,1.0,1.0,1.0,1.0,0.0,0.5,0.0,2.0,1.0,1.0,1.0,2.0,1.0,1.0,110,5120,70,470,45,70,1000000,Dodorioドードリオ,50.0
86,Seel,water,,Sea Lion Pokémon,1.1,90.0,1,0,65,45,70,45,"['Thick Fat', 'Hydration', 'Ice Body']",1.0,1.0,1.0,2.0,1.0,1.0,0.5,1.0,1.0,2.0,1.0,0.5,1.0,1.0,1.0,1.0,0.5,0.5,45,5120,70,325,190,55,1000000,Pawouパウワウ,50.0
87,Dewgong,water,ice,Sea Lion Pokémon,1.7,120.0,1,0,90,70,95,70,"['Thick Fat', 'Hydration', 'Ice Body']",1.0,1.0,1.0,2.0,1.0,2.0,1.0,1.0,1.0,2.0,1.0,0.25,1.0,1.0,1.0,2.0,1.0,0.5,70,5120,70,475,75,80,1000000,Jugonジュゴン,50.0
88,Grimer,poison,poison,Sludge Pokémon,,,1,0,80,40,50,25,"['Stench', 'Sticky Hold', 'Poison Touch', 'Poison Touch', 'Gluttony', 'Power of Alchemy']",0.5,1.0,1.0,1.0,0.5,0.5,1.0,1.0,1.0,0.5,2.0,1.0,1.0,0.5,2.0,1.0,1.0,1.0,80,5120,70,325,190,50,1000000,Betbeterベトベター,50.0
89,Muk,poison,poison,Sludge Pokémon,,,1,0,105,65,100,50,"['Stench', 'Sticky Hold', 'Poison Touch', 'Poison Touch', 'Gluttony', 'Power of Alchemy']",0.5,1.0,1.0,1.0,0.5,0.5,1.0,1.0,1.0,0.5,2.0,1.0,1.0,0.5,2.0,1.0,1.0,1.0,105,5120,70,500,75,75,1000000,Betbetonベトベトン,50.0
90,Shellder,water,,Bivalve Pokémon,0.3,4.0,1,0,30,45,25,40,"['Shell Armor', 'Skill Link', 'Overcoat']",1.0,1.0,1.0,2.0,1.0,1.0,0.5,1.0,1.0,2.0,1.0,0.5,1.0,1.0,1.0,1.0,0.5,0.5,65,5120,70,305,190,100,1250000,Shellderシェルダー,50.0
91,Cloyster,water,ice,Bivalve Pokémon,1.5,132.5,1,0,50,85,45,70,"['Shell Armor', 'Skill Link', 'Overcoat']",1.0,1.0,1.0,2.0,1.0,2.0,1.0,1.0,1.0,2.0,1.0,0.25,1.0,1.0,1.0,2.0,1.0,0.5,95,5120,70,525,60,180,1250000,Parshenパルシェン,50.0
92,Gastly,ghost,poison,Gas Pokémon,1.3,0.1,1,0,30,100,35,80,['Levitate'],0.25,2.0,1.0,1.0,0.5,0.0,1.0,1.0,2.0,0.5,2.0,1.0,0.0,0.25,2.0,1.0,1.0,1.0,35,5120,70,310,190,30,1059860,Ghosゴース,50.0
93,Haunter,ghost,poison,Gas Pokémon,1.6,0.1,1,0,45,115,55,95,['Levitate'],0.25,2.0,1.0,1.0,0.5,0.0,1.0,1.0,2.0,0.5,2.0,1.0,0.0,0.25,2.0,1.0,1.0,1.0,50,5120,70,405,90,45,1059860,Ghostゴースト,50.0
94,Gengar,ghost,poison,Shadow Pokémon,1.5,40.5,1,0,60,170,95,130,['Cursed Body'],0.25,2.0,1.0,1.0,0.5,0.0,1.0,1.0,2.0,0.5,2.0,1.0,0.0,0.25,2.0,1.0,1.0,1.0,65,5120,70,600,45,80,1059860,Gangarゲンガー,50.0
95,Onix,rock,ground,Rock Snake Pokémon,8.8,210.0,1,0,35,30,45,70,"['Rock Head', 'Sturdy', 'Weak Armor']",1.0,1.0,1.0,0.0,1.0,2.0,0.5,0.5,1.0,4.0,2.0,2.0,0.5,0.25,1.0,0.5,2.0,4.0,45,6400,70,385,45,160,1000000,Iwarkイワーク,50.0
96,Drowzee,psychic,,Hypnosis Pokémon,1.0,32.4,1,0,60,43,90,42,"['Insomnia', 'Forewarn', 'Inner Focus']",2.0,2.0,1.0,1.0,1.0,0.5,1.0,1.0,2.0,1.0,1.0,1.0,1.0,1.0,0.5,1.0,1.0,1.0,48,5120,70,328,190,45,1000000,Sleepeスリープ,50.0
97,Hypno,psychic,,Hypnosis Pokémon,1.6,75.6,1,0,85,73,115,67,"['Insomnia', 'Forewarn', 'Inner Focus']",2.0,2.0,1.0,1.0,1.0,0.5,1.0,1.0,2.0,1.0,1.0,1.0,1.0,1.0,0.5,1.0,1.0,1.0,73,5120,70,483,75,70,1000000,Sleeperスリーパー,50.0
98,Krabby,water,,River Crab Pokémon,0.4,6.5,1,0,30,25,25,50,"['Hyper Cutter', 'Shell Armor', 'Sheer Force']",1.0,1.0,1.0,2.0,1.0,1.0,0.5,1.0,1.0,2.0,1.0,0.5,1.0,1.0,1.0,1.0,0.5,0.5,105,5120,70,325,225,90,1000000,Crabクラブ,50.0
99,Kingler,water,,Pincer Pokémon,1.3,60.0,1,0,55,50,50,75,"['Hyper Cutter', 'Shell Armor', 'Sheer Force']",1.0,1.0,1.0,2.0,1.0,1.0,0.5,1.0,1.0,2.0,1.0,0.5,1.0,1.0,1.0,1.0,0.5,0.5,130,5120,70,475,60,115,1000000,Kinglerキングラー,50.0
100,Voltorb,electric,,Ball Pokémon,0.5,10.4,1,0,40,55,55,100,"['Soundproof', 'Static', 'Aftermath']",1.0,1.0,1.0,0.5,1.0,1.0,1.0,0.5,1.0,1.0,2.0,1.0,1.0,1.0,1.0,1.0,0.5,1.0,30,5120,70,330,190,50,1000000,Biriridamaビリリダマ,
101,Electrode,electric,,Ball Pokémon,1.2,66.6,1,0,60,80,80,150,"['Soundproof', 'Static', 'Aftermath']",1.0,1.0,1.0,0.5,1.0,1.0,1.0,0.5,1.0,1.0,2.0,1.0,1.0,1.0,1.0,1.0,0.5,1.0,50,5120,70,490,60,70,1000000,Marumineマルマイン,
102,Exeggcute,grass,psychic,Egg Pokémon,0.4,2.5,1,0,60,60,45,40,"['Chlorophyll', 'Harvest']",4.0,2.0,1.0,0.5,1.0,0.5,2.0,2.0,2.0,0.5,0.5,2.0,1.0,2.0,0.5,1.0,1.0,0.5,40,5120,70,325,90,80,1250000,Tamatamaタマタマ,50.0
103,Exeggutor,grass,psychic,Coconut Pokémon,,,1,0,95,125,75,45,"['Chlorophyll', 'Harvest', 'Frisk', 'Harvest']",4.0,2.0,1.0,0.5,1.0,0.5,2.0,2.0,2.0,0.5,0.5,2.0,1.0,2.0,0.5,1.0,1.0,0.5,105,5120,70,530,45,85,1250000,Nassyナッシー,50.0
104,Cubone,ground,,Lonely Pokémon,0.4,6.5,1,0,50,40,50,35,"['Rock Head', 'Lightningrod', 'Battle Armor']",1.0,1.0,1.0,0.0,1.0,1.0,1.0,1.0,1.0,2.0,1.0,2.0,1.0,0.5,1.0,0.5,1.0,2.0,50,5120,70,320,190,95,1000000,Karakaraカラカラ,50.0
105,Marowak,ground,fire,Bone Keeper Pokémon,,,1,0,60,50,80,45,"['Rock Head', 'Lightningrod', 'Battle Armor', 'Cursed Body', 'Lightningrod', 'Rock Head']",1.0,1.0,1.0,0.0,1.0,1.0,1.0,1.0,1.0,2.0,1.0,2.0,1.0,0.5,1.0,0.5,1.0,2.0,80,5120,70,425,75,110,1000000,Garagaraガラガラ,50.0
106,Hitmonlee,fighting,,Kicking Pokémon,1.5,49.8,1,0,50,35,110,87,"['Limber', 'Reckless', 'Unburden']",0.5,0.5,1.0,1.0,2.0,1.0,1.0,2.0,1.0,1.0,1.0,1.0,1.0,1.0,2.0,0.5,1.0,1.0,120,6400,70,455,45,53,1000000,Sawamularサワムラー,100.0
107,Hitmonchan,fighting,,Punching Pokémon,1.4,50.2,1,0,50,35,110,76,"['Keen Eye', 'Iron Fist', 'Inner Focus']",0.5,0.5,1.0,1.0,2.0,1.0,1.0,2.0,1.0,1.0,1.0,1.0,1.0,1.0,2.0,0.5,1.0,1.0,105,6400,70,455,45,79,1000000,Ebiwalarエビワラー,100.0
108,Lickitung,normal,,Licking Pokémon,1.2,65.5,1,0,90,60,75,30,"['Own Tempo', 'Oblivious', 'Cloud Nine']",1.0,1.0,1.0,1.0,1.0,2.0,1.0,1.0,0.0,1.0,1.0,1.0,1.0,1.0,1.0,1.0,1.0,1.0,55,5120,70,385,45,75,1000000,Beroringaベロリンガ,50.0
109,Koffing,poison,,Poison Gas Pokémon,0.6,1.0,1,0,40,60,45,35,['Levitate'],0.5,1.0,1.0,1.0,0.5,0.5,1.0,1.0,1.0,0.5,2.0,1.0,1.0,0.5,2.0,1.0,1.0,1.0,65,5120,70,340,190,95,1000000,Dogarsドガース,50.0
110,Weezing,poison,,Poison Gas Pokémon,1.2,9.5,1,0,65,85,70,60,['Levitate'],0.5,1.0,1.0,1.0,0.5,0.5,1.0,1.0,1.0,0.5,2.0,1.0,1.0,0.5,2.0,1.0,1.0,1.0,90,5120,70,490,60,120,1000000,Matadogasマタドガス,50.0
111,Rhyhorn,ground,rock,Spikes Pokémon,1.0,115.0,1,0,80,30,30,25,"['Lightningrod', 'Rock Head', 'Reckless']",1.0,1.0,1.0,0.0,1.0,2.0,0.5,0.5,1.0,4.0,2.0,2.0,0.5,0.25,1.0,0.5,2.0,4.0,85,5120,70,345,120,95,1250000,Sihornサイホーン,50.0
112,Rhydon,ground,rock,Drill Pokémon,1.9,120.0,1,0,105,45,45,40,"['Lightningrod', 'Rock Head', 'Reckless']",1.0,1.0,1.0,0.0,1.0,2.0,0.5,0.5,1.0,4.0,2.0,2.0,0.5,0.25,1.0,0.5,2.0,4.0,130,5120,70,485,60,120,1250000,Sidonサイドン,50.0
113,Chansey,normal,,Egg Pokémon,1.1,34.6,1,0,250,35,105,50,"['Natural Cure', 'Serene Grace', 'Healer']",1.0,1.0,1.0,1.0,1.0,2.0,1.0,1.0,0.0,1.0,1.0,1.0,1.0,1.0,1.0,1.0,1.0,1.0,5,10240,140,450,30,5,800000,Luckyラッキー,0.0
114,Tangela,grass,,Vine Pokémon,1.0,35.0,1,0,65,100,40,60,"['Chlorophyll', 'Leaf Guard', 'Regenerator']",2.0,1.0,1.0,0.5,1.0,1.0,2.0,2.0,1.0,0.5,0.5,2.0,1.0,2.0,1.0,1.0,1.0,0.5,55,5120,70,435,45,115,1000000,Monjaraモンジャラ,50.0
115,Kangaskhan,normal,,Parent Pokémon,2.2,80.0,1,0,105,60,100,100,"['Early Bird', 'Scrappy', 'Inner Focus']",1.0,1.0,1.0,1.0,1.0,2.0,1.0,1.0,0.0,1.0,1.0,1.0,1.0,1.0,1.0,1.0,1.0,1.0,125,5120,70,590,45,100,1000000,Garuraガルーラ,0.0
116,Horsea,water,,Dragon Pokémon,0.4,8.0,1,0,30,70,25,60,"['Swift Swim', 'Sniper', 'Damp']",1.0,1.0,1.0,2.0,1.0,1.0,0.5,1.0,1.0,2.0,1.0,0.5,1.0,1.0,1.0,1.0,0.5,0.5,40,5120,70,295,225,70,1000000,Tattuタッツー,50.0
117,Seadra,water,,Dragon Pokémon,1.2,25.0,1,0,55,95,45,85,"['Poison Point', 'Sniper', 'Damp']",1.0,1.0,1.0,2.0,1.0,1.0,0.5,1.0,1.0,2.0,1.0,0.5,1.0,1.0,1.0,1.0,0.5,0.5,65,5120,70,440,75,95,1000000,Seadraシードラ,50.0
118,Goldeen,water,,Goldfish Pokémon,0.6,15.0,1,0,45,35,50,63,"['Swift Swim', 'Water Veil', 'Lightningrod']",1.0,1.0,1.0,2.0,1.0,1.0,0.5,1.0,1.0,2.0,1.0,0.5,1.0,1.0,1.0,1.0,0.5,0.5,67,5120,70,320,225,60,1000000,Tosakintoトサキント,50.0
119,Seaking,water,,Goldfish Pokémon,1.3,39.0,1,0,80,65,80,68,"['Swift Swim', 'Water Veil', 'Lightningrod']",1.0,1.0,1.0,2.0,1.0,1.0,0.5,1.0,1.0,2.0,1.0,0.5,1.0,1.0,1.0,1.0,0.5,0.5,92,5120,70,450,60,65,1000000,Azumaoアズマオウ,50.0
120,Staryu,water,,Starshape Pokémon,0.8,34.5,1,0,30,70,55,85,"['Illuminate', 'Natural Cure', 'Analytic']",1.0,1.0,1.0,2.0,1.0,1.0,0.5,1.0,1.0,2.0,1.0,0.5,1.0,1.0,1.0,1.0,0.5,0.5,45,5120,70,340,225,55,1250000,Hitodemanヒトデマン,
121,Starmie,water,psychic,Mysterious Pokémon,1.1,80.0,1,0,60,100,85,115,"['Illuminate', 'Natural Cure', 'Analytic']",2.0,2.0,1.0,2.0,1.0,0.5,0.5,1.0,2.0,2.0,1.0,0.5,1.0,1.0,0.5,1.0,0.5,0.5,75,5120,70,520,60,85,1250000,Starmieスターミー,
122,Mr. Mime,psychic,fairy,Barrier Pokémon,1.3,54.5,1,0,40,100,120,90,"['Soundproof', 'Filter', 'Technician']",1.0,1.0,0.0,1.0,1.0,0.25,1.0,1.0,2.0,1.0,1.0,1.0,1.0,2.0,0.5,1.0,2.0,1.0,45,6400,70,460,45,65,1000000,Barrierdバリヤード,50.0
123,Scyther,bug,flying,Mantis Pokémon,1.5,56.0,1,0,70,55,80,105,"['Swarm', 'Technician', 'Steadfast']",0.5,1.0,1.0,2.0,1.0,0.25,2.0,2.0,1.0,0.25,0.0,2.0,1.0,1.0,1.0,4.0,1.0,1.0,110,6400,70,500,45,80,1000000,Strikeストライク,50.0
124,Jynx,ice,psychic,Humanshape Pokémon,1.4,40.6,1,0,65,115,95,95,"['Oblivious', 'Forewarn', 'Dry Skin']",2.0,2.0,1.0,1.0,1.0,1.0,2.0,1.0,2.0,1.0,1.0,0.5,1.0,1.0,0.5,2.0,2.0,1.0,50,6400,70,455,45,35,1000000,Rougelaルージュラ,0.0
125,Electabuzz,electric,,Electric Pokémon,1.1,30.0,1,0,65,95,85,105,"['Static', 'Vital Spirit']",1.0,1.0,1.0,0.5,1.0,1.0,1.0,0.5,1.0,1.0,2.0,1.0,1.0,1.0,1.0,1.0,0.5,1.0,83,6400,70,490,45,57,1000000,Elebooエレブー,75.4
126,Magmar,fire,,Spitfire Pokémon,1.3,44.5,1,0,65,100,85,93,"['Flame Body', 'Vital Spirit']",0.5,1.0,1.0,1.0,0.5,1.0,0.5,1.0,1.0,0.5,2.0,0.5,1.0,1.0,1.0,2.0,0.5,2.0,95,6400,70,495,45,57,1000000,Booberブーバー,75.4
127,Pinsir,bug,,Stagbeetle Pokémon,1.5,55.0,1,0,65,65,90,105,"['Hyper Cutter', 'Mold Breaker', 'Moxie']",1.0,1.0,1.0,1.0,1.0,0.5,2.0,2.0,1.0,0.5,0.5,1.0,1.0,1.0,1.0,2.0,1.0,1.0,155,6400,70,600,45,120,1250000,Kailiosカイロス,50.0
128,Tauros,normal,,Wild Bull Pokémon,1.4,88.4,1,0,75,40,70,110,"['Intimidate', 'Anger Point', 'Sheer Force']",1.0,1.0,1.0,1.0,1.0,2.0,1.0,1.0,0.0,1.0,1.0,1.0,1.0,1.0,1.0,1.0,1.0,1.0,100,5120,70,490,45,95,1250000,Kentaurosケンタロス,100.0
129,Magikarp,water,,Fish Pokémon,0.9,10.0,1,0,20,15,20,80,"['Swift Swim', 'Rattled']",1.0,1.0,1.0,2.0,1.0,1.0,0.5,1.0,1.0,2.0,1.0,0.5,1.0,1.0,1.0,1.0,0.5,0.5,10,1280,70,200,255,55,1250000,Koikingコイキング,50.0
130,Gyarados,water,flying,Atrocious Pokémon,6.5,235.0,1,0,95,70,130,81,"['Intimidate', 'Moxie']",0.5,1.0,1.0,4.0,1.0,0.5,0.5,1.0,1.0,1.0,0.0,1.0,1.0,1.0,1.0,2.0,0.5,0.5,155,1280,70,640,45,109,1250000,Gyaradosギャラドス,50.0
131,Lapras,water,ice,Transport Pokémon,2.5,220.0,1,0,130,85,95,60,"['Water Absorb', 'Shell Armor', 'Hydration']",1.0,1.0,1.0,2.0,1.0,2.0,1.0,1.0,1.0,2.0,1.0,0.25,1.0,1.0,1.0,2.0,1.0,0.5,85,10240,70,535,45,80,1250000,Laplaceラプラス,50.0
132,Ditto,normal,,Transform Pokémon,0.3,4.0,1,0,48,48,48,48,"['Limber', 'Imposter']",1.0,1.0,1.0,1.0,1.0,2.0,1.0,1.0,0.0,1.0,1.0,1.0,1.0,1.0,1.0,1.0,1.0,1.0,48,5120,70,288,35,48,1000000,Metamonメタモン,
133,Eevee,normal,,Evolution Pokémon,0.3,6.5,1,0,55,45,65,55,"['Run Away', 'Adaptability', 'Anticipation']",1.0,1.0,1.0,1.0,1.0,2.0,1.0,1.0,0.0,1.0,1.0,1.0,1.0,1.0,1.0,1.0,1.0,1.0,55,8960,70,325,45,50,1000000,Eievuiイーブイ,88.1
134,Vaporeon,water,,Bubble Jet Pokémon,1.0,29.0,1,0,130,110,95,65,"['Water Absorb', 'Hydration']",1.0,1.0,1.0,2.0,1.0,1.0,0.5,1.0,1.0,2.0,1.0,0.5,1.0,1.0,1.0,1.0,0.5,0.5,65,8960,70,525,45,60,1000000,Showersシャワーズ,88.1
135,Jolteon,electric,,Lightning Pokémon,0.8,24.5,1,0,65,110,95,130,"['Volt Absorb', 'Quick Feet']",1.0,1.0,1.0,0.5,1.0,1.0,1.0,0.5,1.0,1.0,2.0,1.0,1.0,1.0,1.0,1.0,0.5,1.0,65,8960,70,525,45,60,1000000,Thundersサンダース,88.1
136,Flareon,fire,,Flame Pokémon,0.9,25.0,1,0,65,95,110,65,"['Flash Fire', 'Guts']",0.5,1.0,1.0,1.0,0.5,1.0,0.5,1.0,1.0,0.5,2.0,0.5,1.0,1.0,1.0,2.0,0.5,2.0,130,8960,70,525,45,60,1000000,Boosterブースター,88.1
137,Porygon,normal,,Virtual Pokémon,0.8,36.5,1,0,65,85,75,40,"['Trace', 'Download', 'Analytic']",1.0,1.0,1.0,1.0,1.0,2.0,1.0,1.0,0.0,1.0,1.0,1.0,1.0,1.0,1.0,1.0,1.0,1.0,60,5120,70,395,45,70,1000000,Porygonポリゴン,
138,Omanyte,rock,water,Spiral Pokémon,0.4,7.5,1,0,35,90,55,35,"['Swift Swim', 'Shell Armor', 'Weak Armor']",1.0,1.0,1.0,2.0,1.0,2.0,0.25,0.5,1.0,4.0,2.0,0.5,0.5,0.5,1.0,1.0,1.0,1.0,40,7680,70,355,45,100,1000000,Omniteオムナイト,88.1
139,Omastar,rock,water,Spiral Pokémon,1.0,35.0,1,0,70,115,70,55,"['Swift Swim', 'Shell Armor', 'Weak Armor']",1.0,1.0,1.0,2.0,1.0,2.0,0.25,0.5,1.0,4.0,2.0,0.5,0.5,0.5,1.0,1.0,1.0,1.0,60,7680,70,495,45,125,1000000,Omstarオムスター,88.1
140,Kabuto,rock,water,Shellfish Pokémon,0.5,11.5,1,0,30,55,45,55,"['Swift Swim', 'Battle Armor', 'Weak Armor']",1.0,1.0,1.0,2.0,1.0,2.0,0.25,0.5,1.0,4.0,2.0,0.5,0.5,0.5,1.0,1.0,1.0,1.0,80,7680,70,355,45,90,1000000,Kabutoカブト,88.1
141,Kabutops,rock,water,Shellfish Pokémon,1.3,40.5,1,0,60,65,70,80,"['Swift Swim', 'Battle Armor', 'Weak Armor']",1.0,1.0,1.0,2.0,1.0,2.0,0.25,0.5,1.0,4.0,2.0,0.5,0.5,0.5,1.0,1.0,1.0,1.0,115,7680,70,495,45,105,1000000,Kabutopsカブトプス,88.1
142,Aerodactyl,rock,flying,Fossil Pokémon,1.8,59.0,1,0,80,70,95,150,"['Rock Head', 'Pressure', 'Unnerve']",0.5,1.0,1.0,2.0,1.0,1.0,0.5,0.5,1.0,1.0,0.0,2.0,0.5,0.5,1.0,2.0,2.0,2.0,135,8960,70,615,45,85,1250000,Pteraプテラ,88.1
143,Snorlax,normal,,Sleeping Pokémon,2.1,460.0,1,0,160,65,110,30,"['Immunity', 'Thick Fat', 'Gluttony']",1.0,1.0,1.0,1.0,1.0,2.0,1.0,1.0,0.0,1.0,1.0,1.0,1.0,1.0,1.0,1.0,1.0,1.0,110,10240,70,540,25,65,1250000,Kabigonカビゴン,88.1
144,Articuno,ice,flying,Freeze Pokémon,1.7,55.4,1,1,90,95,125,85,"['Pressure', 'Snow Cloak']",0.5,1.0,1.0,2.0,1.0,1.0,2.0,1.0,1.0,0.5,0.0,1.0,1.0,1.0,1.0,4.0,2.0,1.0,85,20480,35,580,3,100,1250000,Freezerフリーザー,
145,Zapdos,electric,flying,Electric Pokémon,1.6,52.6,1,1,90,125,90,100,"['Pressure', 'Static']",0.5,1.0,1.0,1.0,1.0,0.5,1.0,0.5,1.0,0.5,0.0,2.0,1.0,1.0,1.0,2.0,0.5,1.0,90,20480,35,580,3,85,1250000,Thunderサンダー,
146,Moltres,fire,flying,Flame Pokémon,2.0,60.0,1,1,90,125,85,90,"['Pressure', 'Flame Body']",0.25,1.0,1.0,2.0,0.5,0.5,0.5,1.0,1.0,0.25,0.0,1.0,1.0,1.0,1.0,4.0,0.5,2.0,100,20480,35,580,3,90,1250000,Fireファイヤー,
147,Dratini,dragon,,Dragon Pokémon,1.8,3.3,1,0,41,50,50,50,"['Shed Skin', 'Marvel Scale']",1.0,1.0,2.0,0.5,2.0,1.0,0.5,1.0,1.0,0.5,1.0,2.0,1.0,1.0,1.0,1.0,1.0,0.5,64,10240,35,300,45,45,1250000,Miniryuミニリュウ,50.0
148,Dragonair,dragon,,Dragon Pokémon,4.0,16.5,1,0,61,70,70,70,"['Shed Skin', 'Marvel Scale']",1.0,1.0,2.0,0.5,2.0,1.0,0.5,1.0,1.0,0.5,1.0,2.0,1.0,1.0,1.0,1.0,1.0,0.5,84,10240,35,420,45,65,1250000,Hakuryuハクリュー,50.0
149,Dragonite,dragon,flying,Dragon Pokémon,2.2,210.0,1,0,91,100,100,80,"['Inner Focus', 'Multiscale']",0.5,1.0,2.0,1.0,2.0,0.5,0.5,1.0,1.0,0.25,0.0,4.0,1.0,1.0,1.0,2.0,1.0,0.5,134,10240,35,600,45,95,1250000,Kairyuカイリュー,50.0
150,Mewtwo,psychic,,Genetic Pokémon,2.0,122.0,1,1,106,194,120,140,"['Pressure', 'Unnerve']",2.0,2.0,1.0,1.0,1.0,0.5,1.0,1.0,2.0,1.0,1.0,1.0,1.0,1.0,0.5,1.0,1.0,1.0,150,30720,0,780,3,70,1250000,Mewtwoミュウツー,
151,Mew,psychic,,New Species Pokémon,0.4,4.0,1,1,100,100,100,100,['Synchronize'],2.0,2.0,1.0,1.0,1.0,0.5,1.0,1.0,2.0,1.0,1.0,1.0,1.0,1.0,0.5,1.0,1.0,1.0,100,30720,100,600,45,100,1059860,Mewミュウ,
